<?xml version="1.0" encoding="UTF-8"?>
<bean:beans
	xmlns:xsi="http://www.w3.org/2001/XMLSchema-instance"
	xmlns="http://www.springframework.org/schema/security"
	xmlns:bean="http://www.springframework.org/schema/beans"
	xsi:schemaLocation="http://www.springframework.org/schema/beans http://www.springframework.org/schema/beans/spring-beans.xsd
	http://www.springframework.org/schema/security http://www.springframework.org/schema/security/spring-security.xsd">
 <!-- Tuyên bố này là muốn tất cả các URL trong web được bảo mật , yêu cầu vai trò là ROLE_ADMIN, ROLE_USER để truy cập chúng.
    	Phần tử này là cha của tất cả các chức năng không gian liên quan đến web. Phần tử xác định một mẫu phù hợp với URL của
    	các yêu cầu đến cú pháp kiểu đường dẫn. Ở đây auto-config = "true" nghĩa là tự động đăng ký hình thức đăng nhập, xác thực
    	basic, đăng xuất, tất cả các khả năng này đều được thêm vào. không nên sử dụng thuộc tính này mà hãy sử dụng yếu tố cấu hình
    	rõ ràng thay vì để tránh nhầm lẫn.-->
	<http auto-config="true">
		<intercept-url pattern="/" access="permitAll()" />
		<intercept-url pattern="/admin" access="hasRole('ROLE_ADMIN')" />
		<intercept-url pattern="/viewuser" access="hasRole('ROLE_ADMIN')" />
		<intercept-url pattern="/viewproduct" access="hasRole('ROLE_ADMIN')" />
		<intercept-url pattern="/viewpromotion" access="hasRole('ROLE_ADMIN')" />
		<intercept-url pattern="/order/**" access="hasRole('ROLE_ADMIN')" />
		<intercept-url pattern="/viewuser/**" access="hasRole('ROLE_ADMIN')" />
		<intercept-url pattern="/viewproduct/**" access="hasRole('ROLE_ADMIN')" />
		<intercept-url pattern="/viewpromotion/**" access="hasRole('ROLE_ADMIN')" />
		<intercept-url pattern="/viewpromotion/**" access="hasRole('ROLE_ADMIN')" />
	<!-- Định nghĩa form login và quyền truy cập cho tất cả các url còn lại với trang login -->
    <!-- authentication-failure-url Định nghĩ URL sẽ được chuyển hướng tới nếu login thất bại, Mặc định là /login?error
    	default-target-url Định nghĩa URL mặc định được chuyển hướng tới sau khi login thành công. 
    	login-page URL được sử dụng để render trang login, mặc định là “/login”.
    	login-processing-url URL mà Spring Security xử lý hành động login. mặc định là “/login”. Trong ví dụ này mình để là “/j_spring_security_login” 
    	thì action trong form login cũng sẽ có giá trị là “/j_spring_security_login
    	password-parameter Tên của request parameter chứa password, mặc định là “password”.
    	username-parameter Tên của request parameter chứa username, mặc định là “username”-->
		<form-login login-page="/" 
			default-target-url="/index"
			username-parameter="username"
			password-parameter="password" 
			authentication-failure-url="/login?error" />
	<!-- Với delete-cookies="JSESSIONID" thì springsecurity sẽ bị vô hiệu hóa khi bị đăng xuất và container chứa servlet sẽ xóa cookie JSESSIONID 
    JSESSIONID là tên cookie quy định của jsp logout-url URL mà Spring Security xử lý hành động login. mặc định là “/logout”. 
    Trong ví dụ này mình để là “/j_spring_security_logout” thì action trong form login cũng sẽ có giá trị là “/j_spring_security_logout-->
    	
		<logout logout-url="/j_spring_security_logout"
      		logout-success-url="/logout" delete-cookies="JSESSIONID" />
	</http>	

	<bean:bean id="myUserDetailsServiceService"
		class="com.demo.model.service.MyUserDetailsServiceService" />

	<authentication-manager>
	  <!-- Authentication-manager là một container của nhà cung cấp xác thực nhầm cung cấp một giao diện mặc định của họ. -->
	    <!-- authentication-provider là trình xác thức. Ở đây một yêu cầu xác thực được xử lí bởi trình xác thực và đối tượng được xác thực đầy đủ
  		với thông tin được trả về là đầy đủ.(Hiểu nôm na là kiểm tra kết quả trả về từ cơ sở dữ liệu trả về có trùng với thành phần được xác thực hay không) -->
		<authentication-provider
			user-service-ref="myUserDetailsServiceService">
			<password-encoder hash="bcrypt" />
		</authentication-provider>
	</authentication-manager>
</bean:beans>